TargetDomLossValid,ValidMSE,SourceDomLossValid,Domainloss,DomainLambda,LearningRate,MaxEpoch,HiddenUnits
0.70314762211617,0.052047634249269,0.68327488107881,1.386422503195,1,1,200,1
0.48366788042297,0.03436320083927,0.95846635853757,1.4421342389605,1,1,200,2
0.35253772251307,0.026963770874928,1.213700850237,1.5662385727501,1,1,200,3
0.78147464901182,0.025346402437685,0.61201711193722,1.393491760949,1,1,200,4
0.37498009009546,0.033608521210509,1.1625252900552,1.5375053801507,1,1,200,5
0.76201091232687,0.028564606087227,0.62872309723018,1.3907340095571,1,1,200,6
